{"Dataset": "Places", "PSNR": 21.532058835334485, "SSIM": 0.7070898457103983, "BCE": 0.4379089284888314}
{"Dataset": "FFHQ", "PSNR": 24.7564550884463, "SSIM": 0.7025587492276807, "BCE": 0.4389812217061655}